epoch,time,train/box_loss,train/cls_loss,train/dfl_loss,metrics/precision(B),metrics/recall(B),metrics/mAP50(B),metrics/mAP50-95(B),val/box_loss,val/cls_loss,val/dfl_loss,lr/pg0,lr/pg1,lr/pg2
1,60.9028,1.02252,3.99926,0.00763,0.01865,0.89243,0.298,0.22454,0.7062,3.96647,0.00698,0.00026664,0.00026664,0.00026664
2,78.9888,0.97465,3.15234,0.00719,0.01591,1,0.55009,0.42757,0.78634,3.21421,0.00802,0.000535408,0.000535408,0.000535408
3,102.345,1.04666,2.37889,0.0077,0.6956,0.5001,0.70989,0.549,0.89322,2.34598,0.00916,0.000795009,0.000795009,0.000795009
4,126.227,1.03957,2.01174,0.00754,0.7111,0.63936,0.7691,0.57715,0.88699,1.98162,0.00918,0.00104545,0.00104545,0.00104545
5,150.479,1.05736,1.84045,0.00749,0.6782,0.77552,0.84192,0.62975,0.92418,1.57537,0.01006,0.00103767,0.00103767,0.00103767
6,175.314,1.02721,1.67272,0.00752,0.81062,0.79915,0.89676,0.68805,0.87331,1.28372,0.00883,0.00101934,0.00101934,0.00101934
7,199.836,1.06168,1.54723,0.0078,0.79714,0.85335,0.91686,0.7029,0.90484,1.13673,0.00941,0.00100101,0.00100101,0.00100101
8,224.042,1.02475,1.4038,0.00735,0.84057,0.81409,0.90696,0.6982,0.90599,1.03225,0.00898,0.000982679,0.000982679,0.000982679
9,247.362,1.00677,1.32577,0.00758,0.83841,0.86458,0.92434,0.72056,0.84517,0.84793,0.00865,0.000964348,0.000964348,0.000964348
10,270.743,0.98468,1.24005,0.00729,0.9028,0.81766,0.93799,0.73873,0.82866,0.71749,0.00835,0.000946016,0.000946016,0.000946016
11,295.021,0.98868,1.14672,0.00728,0.86723,0.91181,0.94189,0.73168,0.87808,0.60983,0.00903,0.000927685,0.000927685,0.000927685
12,318.649,0.95629,1.09504,0.00705,0.88368,0.91958,0.94497,0.73577,0.85569,0.55317,0.00869,0.000909353,0.000909353,0.000909353
13,342.537,0.95437,1.01837,0.00699,0.93877,0.88687,0.95215,0.74704,0.82086,0.54764,0.00827,0.000891022,0.000891022,0.000891022
14,364.718,0.97506,0.94952,0.00694,0.86174,0.93108,0.95122,0.73076,0.89307,0.52986,0.00938,0.000872691,0.000872691,0.000872691
15,388.373,0.97774,0.95075,0.00709,0.8878,0.91272,0.95936,0.75175,0.83558,0.50717,0.00842,0.000854359,0.000854359,0.000854359
16,412.08,0.93806,0.90833,0.00701,0.89179,0.89002,0.95193,0.7624,0.80661,0.47926,0.00817,0.000836027,0.000836027,0.000836027
17,436.436,0.93784,0.84735,0.00677,0.90925,0.85237,0.95429,0.76669,0.81627,0.48152,0.00822,0.000817696,0.000817696,0.000817696
18,460.892,0.91331,0.81092,0.00645,0.90169,0.88381,0.94824,0.75862,0.78668,0.48179,0.00803,0.000799365,0.000799365,0.000799365
19,487.068,0.94559,0.78751,0.00699,0.87374,0.88254,0.94824,0.75296,0.8038,0.47765,0.00813,0.000781033,0.000781033,0.000781033
20,510.966,0.89163,0.75024,0.00664,0.87872,0.92934,0.95568,0.7609,0.81136,0.44724,0.00827,0.000762702,0.000762702,0.000762702
21,535.962,0.87938,0.74339,0.00648,0.90188,0.92959,0.96088,0.77383,0.79973,0.43535,0.00797,0.00074437,0.00074437,0.00074437
22,560.479,0.91607,0.70889,0.00664,0.91294,0.92662,0.9674,0.76539,0.83411,0.40232,0.00839,0.000726038,0.000726038,0.000726038
23,584.311,0.91401,0.687,0.00662,0.89572,0.91483,0.95333,0.75543,0.82199,0.42698,0.00819,0.000707707,0.000707707,0.000707707
24,609.497,0.86267,0.63519,0.0062,0.88751,0.90442,0.95643,0.76042,0.79809,0.41504,0.0079,0.000689376,0.000689376,0.000689376
25,634.045,0.87468,0.65128,0.00621,0.90499,0.89994,0.95842,0.77595,0.78439,0.40368,0.00774,0.000671044,0.000671044,0.000671044
26,659.723,0.90187,0.6245,0.00672,0.93729,0.9081,0.96182,0.75206,0.84108,0.41788,0.0084,0.000652712,0.000652712,0.000652712
27,684.249,0.90591,0.63056,0.00662,0.95722,0.88899,0.96154,0.76866,0.83726,0.42086,0.00843,0.000634381,0.000634381,0.000634381
28,708.776,0.8872,0.6034,0.00638,0.89691,0.90861,0.96023,0.76805,0.80172,0.43079,0.00784,0.000616049,0.000616049,0.000616049
29,733.015,0.87718,0.58055,0.0062,0.89518,0.92299,0.96182,0.76608,0.83358,0.42812,0.00822,0.000597718,0.000597718,0.000597718
30,757.78,0.86369,0.57765,0.00615,0.89734,0.92896,0.95914,0.77482,0.79915,0.42748,0.00793,0.000579386,0.000579386,0.000579386
31,782.163,0.8609,0.56903,0.00628,0.91165,0.9222,0.96585,0.77723,0.79638,0.4117,0.00791,0.000561055,0.000561055,0.000561055
32,807.129,0.87007,0.56131,0.00621,0.93081,0.89989,0.96351,0.76876,0.82168,0.40684,0.00824,0.000542723,0.000542723,0.000542723
33,830.945,0.8575,0.5614,0.00643,0.92267,0.90927,0.96036,0.76376,0.8359,0.42576,0.00851,0.000524392,0.000524392,0.000524392
34,855.857,0.85575,0.53854,0.00614,0.94342,0.8951,0.96687,0.78556,0.79397,0.39395,0.00793,0.00050606,0.00050606,0.00050606
35,879.098,0.83184,0.53007,0.0061,0.91642,0.92032,0.96418,0.78041,0.79694,0.39794,0.00788,0.000487729,0.000487729,0.000487729
36,903.05,0.83269,0.53238,0.00571,0.92151,0.9095,0.9629,0.77083,0.81399,0.40301,0.00797,0.000469397,0.000469397,0.000469397
37,927.503,0.84751,0.51447,0.00604,0.91842,0.91241,0.96301,0.76972,0.82361,0.40138,0.00803,0.000451066,0.000451066,0.000451066
38,952.709,0.82486,0.51921,0.00585,0.90976,0.92286,0.96633,0.77843,0.80094,0.39914,0.00789,0.000432734,0.000432734,0.000432734
39,976.152,0.81869,0.51591,0.00589,0.91519,0.92003,0.96418,0.78189,0.80268,0.39277,0.0079,0.000414403,0.000414403,0.000414403
40,1000.74,0.81209,0.51191,0.00591,0.8975,0.95001,0.96543,0.77792,0.79513,0.39085,0.00786,0.000396071,0.000396071,0.000396071
41,1025.32,0.81098,0.49592,0.00563,0.94446,0.94599,0.9681,0.78382,0.7904,0.3748,0.00779,0.00037774,0.00037774,0.00037774
42,1049.08,0.79134,0.47093,0.0056,0.94728,0.91033,0.96789,0.77958,0.78628,0.38008,0.00764,0.000359409,0.000359409,0.000359409
43,1073.54,0.79627,0.48539,0.00576,0.94315,0.92252,0.9689,0.78505,0.77263,0.37476,0.00758,0.000341077,0.000341077,0.000341077
44,1098.57,0.78522,0.4703,0.00547,0.92052,0.95092,0.96773,0.78327,0.79201,0.36595,0.00784,0.000322745,0.000322745,0.000322745
45,1123.16,0.78547,0.45841,0.00568,0.91395,0.93284,0.96758,0.77357,0.81925,0.3834,0.00811,0.000304414,0.000304414,0.000304414
46,1149.14,0.79805,0.47076,0.00562,0.92683,0.93987,0.9679,0.78939,0.80402,0.36657,0.00795,0.000286083,0.000286083,0.000286083
47,1173.21,0.79705,0.45693,0.00559,0.95883,0.91777,0.96773,0.77967,0.80353,0.36711,0.00781,0.000267751,0.000267751,0.000267751
48,1198.39,0.78164,0.46117,0.00547,0.94889,0.91535,0.96828,0.7884,0.77592,0.36696,0.00769,0.00024942,0.00024942,0.00024942
49,1223.91,0.78033,0.45639,0.00574,0.91234,0.93958,0.96664,0.78382,0.78166,0.36812,0.00764,0.000231088,0.000231088,0.000231088
50,1248.42,0.76359,0.45422,0.00545,0.91868,0.93532,0.96837,0.782,0.78643,0.36753,0.00775,0.000212757,0.000212757,0.000212757
51,1277.68,0.72792,0.44817,0.00616,0.94508,0.91217,0.96739,0.7815,0.79944,0.37734,0.00794,0.000194425,0.000194425,0.000194425
52,1302.15,0.71668,0.43327,0.00612,0.90656,0.95034,0.96565,0.77682,0.794,0.40217,0.00782,0.000176094,0.000176094,0.000176094
53,1327.49,0.7099,0.42778,0.00601,0.95794,0.90194,0.97216,0.77724,0.81655,0.39032,0.00799,0.000157762,0.000157762,0.000157762
54,1350.65,0.68399,0.41071,0.00586,0.94101,0.89998,0.96996,0.7818,0.80711,0.38411,0.00798,0.000139431,0.000139431,0.000139431
55,1376.41,0.68502,0.39637,0.00574,0.93948,0.94129,0.96939,0.78153,0.79929,0.36671,0.00791,0.000121099,0.000121099,0.000121099
56,1400.07,0.69405,0.39786,0.00551,0.92926,0.93174,0.96733,0.77694,0.80221,0.37975,0.00791,0.000102768,0.000102768,0.000102768
57,1424.19,0.67778,0.38695,0.00568,0.92052,0.92764,0.96514,0.777,0.80804,0.38631,0.00799,8.4436e-05,8.4436e-05,8.4436e-05
58,1448.71,0.68661,0.3905,0.00575,0.89005,0.93892,0.96324,0.77432,0.80232,0.39344,0.00795,6.61045e-05,6.61045e-05,6.61045e-05
59,1474.32,0.66917,0.38759,0.00572,0.89162,0.94039,0.96283,0.77127,0.80234,0.3926,0.00789,4.7773e-05,4.7773e-05,4.7773e-05
60,1497.62,0.66075,0.38046,0.0056,0.90178,0.942,0.96394,0.77271,0.80001,0.38872,0.00786,2.94415e-05,2.94415e-05,2.94415e-05
